UID,NAME,NAME_KANA,ZIP,ADDRESS,PHONE,EMAIL,DATE_OF_BIRTH,GENDER
000001,三浦 治,ミウラ オサム,067-7261,山口県あきる野市独鈷沢30丁目21番4号 コート横林427,31-3388-9773,sinoue@example.com,1935-06-02,F
000002,高橋 治,タカハシ オサム,689-7636,青森県青梅市西関宿15丁目1番16号,090-4258-7296,okamotomiki@example.org,1939-07-25,F
000003,伊藤 健一,イトウ ケンイチ,762-0250,高知県横浜市鶴見区木立31丁目1番15号,80-9448-1034,nakamuranaoko@example.com,1950-08-17,F
000004,石井 翼,イシイ ツバサ,218-3950,千葉県立川市南郷屋34丁目13番11号 東上野アーバン736,080-1872-8904,okamotomomoko@example.com,1924-10-26,M
000005,鈴木 翔太,スズキ ショウタ,207-8021,福岡県中野区橋場24丁目6番3号 クレスト花川戸450,080-3107-6763,miuranaoko@example.org,1961-04-14,M
000006,田中 直人,タナカ ナオト,022-1151,長崎県香取郡東庄町長間21丁目2番1号 独鈷沢ハイツ040,080-4940-1755,sotaro53@example.org,1914-03-05,M
000007,田中 幹,タナカ ミキ,144-2453,三重県横浜市神奈川区豊町25丁目17番8号 勝どきシティ943,15-4769-8527,osamuhayashi@example.com,2002-08-20,M
000008,佐藤 七夏,サトウ ナナミ,547-1746,奈良県江戸川区下吉羽37丁目16番7号 ハイツ九段南058,090-0178-6074,kumiko71@example.net,1963-03-24,F
000009,中村 稔,ナカムラ ミノル,805-9102,兵庫県稲城市丹勢39丁目25番17号 柿木沢新田パレス037,080-1382-2841,okadayoichi@example.net,1970-05-02,M
000010,鈴木 くみ子,スズキ クミコ,433-6784,高知県江戸川区松が谷23丁目25番7号 土沢シティ456,090-2392-8411,yumiko06@example.com,1918-06-19,F
000011,後藤 直樹,ゴトウ ナオキ,467-5892,茨城県横浜市都筑区木立17丁目18番18号 虎ノ門虎ノ門ヒルズ森タワーコーポ079,090-3550-7183,mikako44@example.org,1936-11-23,F
000012,村上 春香,ムラカミ ハルカ,571-5993,岐阜県西多摩郡檜原村上野桜木13丁目23番7号,84-8984-0901,isaito@example.net,1986-09-26,M
000013,井上 和也,イノウエ カズヤ,478-0832,愛媛県青梅市下吉羽4丁目19番6号,06-0045-2660,mikitakahashi@example.net,1968-02-17,M
000014,吉田 知実,ヨシダ サトミ,525-1038,宮城県匝瑳市卯の里16丁目16番10号 ハイツ東神田071,070-9564-4694,pkondo@example.org,1966-03-07,F
000015,遠藤 和也,エンドウ カズヤ,540-0033,高知県西多摩郡檜原村筑土八幡町12丁目8番15号 西神田コーポ160,070-0927-7528,hanakofukuda@example.org,1932-07-14,M
000016,伊藤 修平,イトウ シュウヘイ,375-2964,鹿児島県三鷹市柿木沢35丁目23番10号 竜泉パレス394,070-2635-8219,yuiyamamoto@example.org,1929-09-30,F
000017,鈴木 治,スズキ オサム,266-6409,富山県富里市浅草橋30丁目1番7号 アーバン脚折792,090-2157-5353,chiyosato@example.com,2006-02-16,M
000018,清水 さゆり,シミズ サユリ,584-0979,兵庫県長生郡長南町柿木沢新田26丁目5番13号 コーポ麹町306,090-3882-2491,qmiura@example.org,1964-04-09,M
000019,中村 英樹,ナカムラ ヒデキ,249-3752,香川県印旛郡本埜村五味ヶ谷6丁目13番9号 四番町ハイツ461,080-1042-8678,nsato@example.org,1973-01-07,M
000020,前田 幹,マエダ ミキ,092-5977,愛知県荒川区九段南20丁目6番5号,090-1831-8593,kaoriyamamoto@example.net,2013-08-14,F
000021,石井 晃,イシイ アキラ,555-0007,宮城県羽村市一ツ橋14丁目25番6号 シャルム卯の里697,080-8072-7788,kanaikeda@example.com,1938-03-28,F
000022,青木 太郎,アオキ タロウ,854-9204,群馬県青梅市脚折町25丁目19番20号 丸の内ハイツ769,080-6985-9656,watanabeakira@example.net,1949-01-02,F
000023,松田 零,マツダ レイ,100-5281,岡山県浦安市百村41丁目17番4号 シャルム東三島622,080-0342-6573,shimizuyoichi@example.net,1954-08-27,F
000024,藤田 洋介,フジタ ヨウスケ,998-9020,沖縄県中野区鶴ヶ丘23丁目9番1号 パーク西小来川385,49-0969-7782,takumahashimoto@example.org,1991-09-19,F
000025,石井 裕太,イシイ ユウタ,483-2419,京都府川崎市宮前区花川戸24丁目3番4号 芝大門コート309,080-9696-0702,yui91@example.net,1998-12-23,M
000026,井上 英樹,イノウエ ヒデキ,905-3984,熊本県板橋区羽折町37丁目9番20号,070-4298-9560,fujitarika@example.net,1954-09-23,F
000027,田中 英樹,タナカ ヒデキ,329-3209,福島県調布市富久町40丁目27番15号,070-3906-3736,osamu90@example.net,1993-05-21,M
000028,田中 充,タナカ ミツル,565-8448,千葉県八丈島八丈町豊町34丁目9番12号 鍛冶ケ沢アーバン217,080-5506-9748,tnakajima@example.com,1939-03-22,M
000029,高橋 太郎,タカハシ タロウ,573-5739,奈良県横浜市瀬谷区鶴ヶ丘24丁目20番13号 シャルム上高野542,090-7715-4120,iinoue@example.com,1944-05-30,M
000030,山下 和也,ヤマシタ カズヤ,704-9100,香川県袖ケ浦市下吉羽16丁目24番19号 アーバン入谷613,72-3727-7664,khasegawa@example.com,1924-01-30,F
000031,加藤 健一,カトウ ケンイチ,982-3438,三重県国分寺市五味ヶ谷37丁目20番3号 日光シティ316,67-8132-4938,matsumototaro@example.org,1963-06-15,F
000032,佐藤 英樹,サトウ ヒデキ,878-2422,北海道大島町下宇和田32丁目21番11号 氏家新田アーバン115,04-4199-5753,yamaguchikaori@example.org,1934-02-15,F
000033,佐々木 英樹,ササキ ヒデキ,852-4954,熊本県文京区三ノ輪41丁目4番14号 クレスト浅草733,17-0305-4064,miurasatomi@example.net,2000-01-07,M
000034,坂本 直樹,サカモト ナオキ,638-7861,三重県小平市元浅草34丁目15番12号 白金台シャルム387,34-2388-0161,taichi72@example.net,2018-03-08,M
000035,山本 翼,ヤマモト ツバサ,405-4018,千葉県印旛郡印旛村外神田41丁目19番2号 長間コート456,11-3102-1837,momokomurakami@example.net,2005-04-18,M
000036,三浦 春香,ミウラ ハルカ,090-1519,千葉県杉並区長畑42丁目18番15号 シャルム細野972,090-8966-6855,gmurakami@example.com,1917-06-15,F
000037,近藤 京助,コンドウ キョウスケ,199-0768,広島県印西市美原町5丁目27番17号 コート下吉羽814,080-8997-4260,aokitsubasa@example.net,1947-02-28,M
000038,伊藤 裕樹,イトウ ユウキ,642-1762,岐阜県清瀬市鍛冶ケ沢14丁目4番3号,080-5056-5229,abeharuka@example.org,1994-02-20,M
000039,清水 あすか,シミズ アスカ,081-2360,岐阜県横浜市保土ケ谷区北青山37丁目2番17号,080-4630-6142,yuki51@example.org,1932-08-20,M
000040,高橋 篤司,タカハシ アツシ,321-9900,神奈川県文京区鶴ヶ丘39丁目13番11号 パーク太田ヶ谷142,67-9613-0858,yamadaasuka@example.net,1935-06-18,F
000041,田中 舞,タナカ マイ,092-9918,島根県台東区上高野11丁目16番17号 箭坪シティ380,30-7083-5725,zhashimoto@example.com,1948-11-01,F
000042,岡田 充,オカダ ミツル,592-9659,秋田県北区丸の内ＪＰタワー33丁目23番19号,070-1433-3574,afujita@example.org,1920-06-29,F
000043,高橋 結衣,タカハシ ユイ,131-6994,鹿児島県安房郡鋸南町西小来川28丁目11番3号 パレス東浅草906,080-2437-5886,okobayashi@example.com,1932-02-29,F
000044,佐々木 直子,ササキ ナオコ,783-3652,宮崎県我孫子市平河町33丁目18番17号 コート花川戸706,090-0515-3165,akemi84@example.net,1932-03-10,F
000045,後藤 直樹,ゴトウ ナオキ,833-8873,高知県新島村戸塚町28丁目5番1号 湯宮シティ468,070-9580-0298,hashimototaro@example.org,1993-07-19,M
000046,山口 拓真,ヤマグチ タクマ,329-5812,東京都青梅市大京町15丁目17番10号 シティ細野076,87-7848-6598,akira55@example.org,1999-10-12,M
000047,池田 直人,イケダ ナオト,407-8277,新潟県川崎市宮前区外国府間28丁目4番4号,090-1004-7202,matsumotominoru@example.org,1943-03-28,M
000048,伊藤 浩,イトウ ヒロシ,664-3335,福島県袖ケ浦市横林40丁目16番20号 コート長間892,54-5746-4357,chiyoyamashita@example.net,1942-11-28,M
000049,鈴木 春香,スズキ ハルカ,667-9607,茨城県横浜市港北区雷門21丁目5番9号 竜泉ハイツ698,070-9519-7706,osamu89@example.com,1928-11-12,F
000050,中島 裕樹,ナカジマ ユウキ,150-6754,三重県夷隅郡御宿町方京34丁目10番10号 鍛冶ケ沢シャルム916,090-3831-3339,rikamatsumoto@example.net,2011-05-06,M
000051,渡辺 洋介,ワタナベ ヨウスケ,951-3582,神奈川県安房郡鋸南町橋場1丁目7番13号 西神田シティ481,20-2360-9288,eabe@example.net,1974-09-14,F
000052,佐々木 幹,ササキ ミキ,589-0849,高知県青ヶ島村松浦町37丁目9番3号,64-2633-0777,osamuhayashi@example.org,1936-10-28,F
000053,中島 春香,ナカジマ ハルカ,826-0806,秋田県清瀬市長間16丁目22番9号,070-7014-9241,taichiokada@example.net,2002-11-06,F
000054,小林 裕樹,コバヤシ ユウキ,311-6103,神奈川県福生市雷門8丁目12番14号,090-5163-6557,yuki16@example.com,2008-08-03,M
000055,伊藤 洋介,イトウ ヨウスケ,409-0193,高知県横浜市旭区土呂部17丁目20番6号 コーポ幸手454,090-0331-5784,akira60@example.net,2022-06-23,M
000056,山本 翔太,ヤマモト ショウタ,388-0001,埼玉県文京区九段南21丁目11番1号 中小来川パーク464,090-0159-9122,yukishimizu@example.net,1964-06-22,M
000057,渡辺 篤司,ワタナベ アツシ,789-4051,福井県神津島村芝公園25丁目4番4号 湯本塩原コート723,070-0131-1295,hideki09@example.org,2014-02-17,M
000058,山口 拓真,ヤマグチ タクマ,628-6250,島根県印旛郡栄町中鉢石町19丁目5番1号 パーク四区町711,090-5022-5534,shota85@example.com,1966-02-07,M
000059,渡辺 智也,ワタナベ トモヤ,645-5835,兵庫県横浜市中区美原町29丁目24番12号 シティ中小来川038,01-1029-4323,lmiura@example.com,1948-11-24,M
000060,清水 聡太郎,シミズ ソウタロウ,750-4812,東京都西多摩郡檜原村吾妻橋22丁目21番2号 丸の内ＪＰタワーアーバン555,070-2408-5611,maedaryohei@example.org,2001-08-23,M
000061,小林 充,コバヤシ ミツル,512-9003,岡山県匝瑳市九段南5丁目9番7号,090-6796-2934,abeosamu@example.org,1922-03-01,F
000062,田中 翔太,タナカ ショウタ,384-7956,滋賀県杉並区丸の内40丁目25番20号 コーポ橋場328,080-0451-1376,yoichitakahashi@example.com,2001-02-14,M
000063,木村 英樹,キムラ ヒデキ,593-1319,北海道横浜市磯子区竜泉10丁目21番16号,070-4653-9817,miuraminoru@example.net,2017-07-30,M
000064,後藤 亮介,ゴトウ リョウスケ,354-7908,神奈川県夷隅郡御宿町日光12丁目9番16号 独鈷沢アーバン974,070-8965-9576,harukafujiwara@example.org,2006-09-27,F
000065,遠藤 真綾,エンドウ マアヤ,771-9259,栃木県小平市雷門3丁目7番13号 コート箪笥町555,070-4249-1204,tomoyafujii@example.com,1950-01-01,M
000066,斎藤 加奈,サイトウ カナ,717-3127,埼玉県中央区氏家新田9丁目27番19号 コート千束237,070-9363-3078,reikondo@example.org,1961-08-07,M
000067,岡田 翔太,オカダ ショウタ,655-5364,佐賀県千代田区睦28丁目11番6号 ハイツ津久戸町179,070-5328-8769,momoko41@example.com,1998-06-04,M
000068,石井 健一,イシイ ケンイチ,448-5532,兵庫県昭島市柿木沢30丁目8番8号,090-0472-4245,anishimura@example.org,1991-06-19,F
000069,小林 英樹,コバヤシ ヒデキ,361-7908,愛媛県横浜市瀬谷区西神田21丁目20番12号 シティ美原町971,19-2752-4643,rei22@example.com,1986-06-13,F
000070,福田 洋介,フクダ ヨウスケ,950-4176,東京都中野区日本堤13丁目8番20号,62-8272-6038,mikihasegawa@example.com,2000-02-01,F
000071,後藤 桃子,ゴトウ モモコ,110-8508,埼玉県横浜市栄区睦6丁目13番5号,38-0745-7918,yumikotanaka@example.net,1973-03-30,F
000072,佐藤 裕太,サトウ ユウタ,423-0863,兵庫県荒川区一ツ橋1丁目12番19号,080-4426-2632,hanakoyamada@example.com,1980-04-18,M
000073,田中 英樹,タナカ ヒデキ,603-3778,山口県川崎市宮前区丸の内31丁目23番8号 元浅草アーバン376,070-0672-5515,nanamiogawa@example.com,1951-09-07,M
000074,佐藤 春香,サトウ ハルカ,621-5968,埼玉県新島村油井18丁目5番5号 パーク入谷785,080-7989-1824,jsuzuki@example.org,1911-05-07,F
000075,松本 加奈,マツモト カナ,216-0801,千葉県鎌ケ谷市羽折町37丁目1番12号 手岡コーポ069,080-9628-3402,naoki25@example.net,1964-03-09,M
000076,田中 拓真,タナカ タクマ,399-8512,徳島県江戸川区今戸6丁目9番20号 津久戸町アーバン724,090-1847-6168,kana63@example.net,1980-01-03,M
000077,小林 陽一,コバヤシ ヨウイチ,791-9338,岩手県西多摩郡日の出町権現堂24丁目21番20号,090-0021-6791,kobayashiasuka@example.net,1983-05-13,M
000078,山崎 翼,ヤマザキ ツバサ,348-8085,大阪府江東区花川戸13丁目26番16号,080-6680-4941,atsushinakajima@example.com,1938-05-11,F
000079,山下 知実,ヤマシタ サトミ,022-3793,山形県西東京市丹勢1丁目27番6号 パレス浅草127,86-5847-2520,hiroshinakagawa@example.net,1942-02-01,M
000080,鈴木 美加子,スズキ ミカコ,876-7593,石川県横浜市瀬谷区元浅草31丁目26番3号 東神田パレス006,080-9683-5201,yui87@example.net,1982-08-05,M
000081,加藤 太一,カトウ タイチ,702-4662,奈良県横浜市磯子区丹勢20丁目22番8号 ハイツ隼町376,070-5191-3357,abetakuma@example.net,1924-03-12,F
000082,長谷川 裕樹,ハセガワ ユウキ,248-7750,栃木県いすみ市芝大門27丁目7番14号 ハイツ丸の内030,080-0141-3974,ryohei60@example.net,1969-08-31,F
000083,近藤 直子,コンドウ ナオコ,598-1069,愛知県八丈島八丈町白金6丁目16番17号 天神島アーバン969,44-3211-5491,taichi09@example.com,1955-02-21,M
000084,鈴木 里佳,スズキ リカ,150-1223,兵庫県横浜市緑区脚折町3丁目20番12号 シャルム羽折町026,66-3358-7885,imatsuda@example.com,2013-04-12,F
000085,小川 舞,オガワ マイ,227-2164,山形県浦安市山中新田17丁目1番10号 丸の内シャルム363,080-0047-1116,jfujii@example.net,1968-12-07,F
000086,斉藤 裕美子,サイトウ ユミコ,569-9386,宮城県印旛郡本埜村白金11丁目21番4号 アーバン平河町687,070-3726-3010,okadayoichi@example.org,1942-06-29,M
000087,中川 陽一,ナカガワ ヨウイチ,439-9394,鳥取県富里市二つ室30丁目1番16号,090-0097-5466,yumikowatanabe@example.com,2000-10-19,M
000088,佐藤 美加子,サトウ ミカコ,966-5823,青森県稲城市虎ノ門虎ノ門ヒルズ森タワー36丁目3番4号 上吉羽コーポ031,090-3520-6289,zsaito@example.net,1978-07-16,F
000089,山口 さゆり,ヤマグチ サユリ,374-1825,滋賀県横浜市都筑区小入6丁目26番10号 パレス外国府間710,080-2081-5895,esakamoto@example.org,1915-04-24,M
000090,近藤 太一,コンドウ タイチ,620-9781,山口県小平市千塚27丁目20番7号 四番町アーバン916,090-7966-1031,gkato@example.com,1916-05-01,F
000091,後藤 知実,ゴトウ サトミ,673-5881,愛媛県江東区上高野21丁目22番1号 北上野シャルム845,070-5972-4645,tarowatanabe@example.net,1986-11-23,F
000092,近藤 健一,コンドウ ケンイチ,423-5564,神奈川県世田谷区花島11丁目22番1号 太田ヶ谷クレスト586,70-6651-7981,shimizunaoko@example.net,1991-11-10,M
000093,小川 花子,オガワ ハナコ,887-3525,山梨県我孫子市外神田17丁目4番8号 シャルム柿木沢107,090-5567-7783,gotonanami@example.org,2016-09-05,M
000094,伊藤 美加子,イトウ ミカコ,426-5035,熊本県文京区日比谷公園35丁目25番9号,080-4539-6695,yasuhiro20@example.net,1950-03-11,F
000095,渡辺 桃子,ワタナベ モモコ,815-5855,岡山県いすみ市浅草橋41丁目26番11号,070-8558-4792,rgoto@example.org,2022-02-22,F
000096,中島 陽一,ナカジマ ヨウイチ,189-1404,長崎県鎌ケ谷市蔵前17丁目14番5号 アーバン蟇沼025,080-4460-3887,yasuhirofujita@example.net,1989-03-26,M
000097,渡辺 零,ワタナベ レイ,132-9814,宮崎県三鷹市手岡2丁目18番6号 竜泉シャルム968,090-7122-7313,jmatsumoto@example.org,1964-01-17,M
000098,加藤 京助,カトウ キョウスケ,666-2309,大分県横浜市保土ケ谷区柿木沢37丁目10番18号 コート千束681,080-5419-2493,yamazakiyumiko@example.net,1999-11-22,M
000099,田中 太一,タナカ タイチ,923-7412,佐賀県印旛郡酒々井町台東10丁目19番18号,73-1808-7702,egoto@example.com,1948-04-18,F
000100,木村 七夏,キムラ ナナミ,063-1654,熊本県横浜市港南区天神島16丁目19番7号,070-9013-3679,momoko98@example.com,1944-09-05,F
